City,State
Anchorage,AK
Albuquerque,NM
Cambridge,MA
Virginia Beach,VA
Tulsa,OK
Tulsa,OK
Lincoln,NE
Davis,CA
Little Rock,AR
Alpharetta,GA
Anchorage,AK
Albuquerque,NM
Cambridge,MA
Virginia Beach,VA
Tulsa,OK
Tulsa,OK
Lincoln,NE
Davis,CA
Little Rock,AR
Alpharetta,GA
Anchorage,AK
Albuquerque,NM
Cambridge,MA
Virginia Beach,VA
Tulsa,OK
Tulsa,OK
Lincoln,NE
Davis,CA
Little Rock,AR
Alpharetta,GA
Somerville,MA
Sioux City,IA
Lynchburg,VA
Auburn,WA
Alhambra,CA
Flower Mound,TX
Folsom,CA
Cranston,RI
Troy,MI
Deerfield Beach,FL
Temple,TX
Jackson,TN
Wichita Falls,TX
Baton Rouge,LA
Missouri City,TX
Sioux City,IA
Dothan,AL
Rowlett,TX
Lewisville,TX
Layton,UT
Sioux City,IA
Rowlett,TX
Chandler,AZ
El Paso,TX
Pasadena,CA
Buckeye,AZ
Berkeley,CA
Hesperia,CA
Edmond,OK
Cape Coral,FL
Sioux City,IA
Rochester,MN
Yuba City,CA
Lehi,UT
Allen,TX
Albuquerque,NM
Cedar Park,TX
Broomfield,CO
Broomfield,CO
Fort Collins,CO
Beaumont,TX
Bowling Green,KY
Pueblo,CO
Brownsville,TX
Mission,TX
Rapid City,SD
Pharr,TX
Lewisville,TX
Rocklin,CA
Allen,TX
Anchorage,AK
Sioux City,IA
Carson,CA
Schenectady,NY
Syracuse,NY
Germantown,MD
Centreville,VA
Bayonne,NJ
Arlington,TX
Houston,TX
Sioux City,IA
Cedar Rapids,IA
Gary,IN
Santa Ana,CA
Fort Collins,CO
Melbourne,FL
Boulder,CO
Newport Beach,CA
Evansville,IN
Carmel,IN
Sioux City,IA
Lehigh Acres,FL
Allentown,PA
Santa Maria,CA
San Bernardino,CA
San Juan,PR
El Monte,CA
Ontario,CA
Baldwin Park,CA
Pomona,CA
Sioux City,IA
San Juan,PR
Kenosha,WI
Silver Spring,MD
Sacramento,CA
Tracy,CA
Quincy,MA
Vista,CA
Evanston,IL
North Las Vegas,NV
Sioux City,IA
San Antonio,TX
San Antonio,TX
Albuquerque,NM
Brownsville,TX
Lincoln,NE
Germantown,MD
Schenectady,NY
Memphis,TN
Milpitas,CA
Sioux City,IA
Waldorf,MD
Warner Robins,GA
Medford,OR
Pittsburg,CA
Lawrence,MA
Gastonia,NC
San Ramon,CA
Rock Hill,SC
Flagstaff,AZ
Sioux City,IA
Albuquerque,NM
Gary,IN
Bloomington,IN
Fayetteville,AR
Johnson City,TN
Lincoln,NE
West Des Moines,IA
Hammond,IN
Rapid City,SD
Sioux City,IA
Fall River,MA
Bowling Green,KY
Brockton,MA
Fort Worth,TX
Trenton,NJ
Trenton,NJ
Trenton,NJ
Palmdale,CA
Stockton,CA
Sioux City,IA
Bloomington,IN
Johnson City,TN
Davenport,IA
West Des Moines,IA
Albuquerque,NM
Sioux Falls,SD
Sioux Falls,SD
Lafayette,IN
Hammond,IN
Lincoln,NE
Anchorage,AK
Irvine,CA
Newark,NJ
Riverside,CA
Stockton,CA
San Juan,PR
Santa Ana,CA
Anaheim,CA
Plano,TX
Lehigh Acres,FL
Denver,CO
Denver,CO
Denver,CO
Denver,CO
Youngstown,OH
Pompano Beach,FL
Mesquite,TX
Anchorage,AK
Racine,WI
Decatur,IL
Nashua,NH
Youngstown,OH
Manchester,NH
Shawnee,KS
Skokie,IL
Sioux City,IA
Springfield,IL
Plano,TX
Naperville,IL
Lincoln,NE
Sioux City,IA
Rowlett,TX
Bloomington,IN
Largo,FL
Broomfield,CO
Broomfield,CO
Sugar Land,TX
Overland Park,KS
Fargo,ND
Sioux City,IA
Lorain,OH
Union City,NJ
Muncie,IN
Pawtucket,RI
Bowling Green,KY
New Britain,CT
Wyoming,MI
Rapid City,SD
Hammond,IN
Sioux City,IA
Temecula,CA
Costa Mesa,CA
Los Angeles,CA
Rochester,MN
Brownsville,TX
Sioux Falls,SD
Sioux Falls,SD
Escondido,CA
New York,NY
Sioux City,IA
Bethlehem,PA
Bethlehem,PA
Palatine,IL
Warner Robins,GA
Fort Worth,TX
Rochester,MN
Sugar Land,TX
Yorba Linda,CA
Allentown,PA
Orlando,FL
Orlando,FL
Asheville,NC
Albuquerque,NM
Youngstown,OH
Gary,IN
Raleigh,NC
Scottsdale,AZ
Charleston,SC
Charleston,SC
Sioux City,IA
Cape Coral,FL
Rapid City,SD
Rochester,MN
Georgetown,TX
Lincoln,NE
Temecula,CA
Fargo,ND
Denver,CO
Denver,CO
Leander,TX
Leander,TX
Anchorage,AK
Bismarck,ND
Cicero,IL
Sioux City,IA
Westland,MI
Ellicott City,MD
Dallas,TX
Dallas,TX
Sioux City,IA
Los Angeles,CA
Chandler,AZ
New York,NY
Pittsburgh,PA
Overland Park,KS
Minneapolis,MN
Minneapolis,MN
Provo,UT
Cape Coral,FL
College Station,TX
Cincinnati,OH
Cincinnati,OH
Missouri City,TX
Provo,UT
Rowlett,TX
Chino Hills,CA
Springfield,IL
Camarillo,CA
Meridian,ID
Sioux City,IA
Canton,OH
Canton,OH
Rochester,MN
Franklin,TN
Toms River,NJ
Sioux Falls,SD
Sioux Falls,SD
Gilbert,AZ
Houston,TX
Sioux City,IA
Rochester,MN
Lincoln,NE
Albuquerque,NM
Waterloo,IA
Boca Raton,FL
Citrus Heights,CA
Overland Park,KS
Rapid City,SD
Franklin,TN
San Jose,CA
Sioux City,IA
Long Beach,CA
Memphis,TN
Berkeley,CA
Oakland,CA
Youngstown,OH
Irvine,CA
Arlington,VA
Warner Robins,GA
Sioux City,IA
Sioux Falls,SD
Sioux Falls,SD
Tallahassee,FL
North Little Rock,AR
Albuquerque,NM
Columbia,SC
Columbia,SC
Lincoln,NE
Minneapolis,MN
Mesquite,TX
Waco,TX
Beaumont,TX
Pasco,WA
Yorba Linda,CA
Tulare,CA
Laguna Niguel,CA
Lewisville,TX
Overland Park,KS
Sterling Heights,MI
Sioux City,IA
Tulare,CA
Baldwin Park,CA
Hayward,CA
El Paso,TX
Rapid City,SD
Conway,AR
Pearland,TX
San Bernardino,CA
Cedar Rapids,IA
Sioux City,IA
Fall River,MA
Memphis,TN
Passaic,NJ
Baldwin Park,CA
Brentwood,NY
Evansville,IN
Lafayette,IN
Warner Robins,GA
Baton Rouge,LA
Bowling Green,KY
Mountain View,CA
Sioux City,IA
Arlington Heights,IL
Palmdale,CA
Rowlett,TX
Simi Valley,CA
Riverview,FL
Lakeville,MN
Antioch,CA
Temecula,CA
Costa Mesa,CA
Carrollton,TX
Carrollton,TX
Anchorage,AK
Sioux City,IA
Peoria,AZ
Union City,CA
Broken Arrow,OK
Broken Arrow,OK
Guaynabo,PR
Sioux City,IA
Huntsville,AL
Johnson City,TN
Conway,AR
Denver,CO
Denver,CO
Denver,CO
Denver,CO
Auburn,AL
Sioux City,IA
Milpitas,CA
New York,NY
Santa Barbara,CA
Santa Monica,CA
San Francisco,CA
San Francisco,CA
Jersey City,NJ
Chino Hills,CA
Santa Clara,CA
Sioux City,IA
San Clemente,CA
Kennewick,WA
Rocklin,CA
Rialto,CA
Bismarck,ND
Loveland,CO
Indio,CA
Roseville,CA
Salinas,CA
Youngstown,OH
Detroit,MI
Sioux City,IA
Milpitas,CA
Washington,DC
Stamford,CT
Mobile,AL
Missoula,MT
Norwalk,CT
San Jose,CA
Sioux City,IA
Greeley,CO
Rapid City,SD
Rochester,MN
Lincoln,NE
Denver,CO
Denver,CO
Denver,CO
Denver,CO
Lakeville,MN
Santa Barbara,CA
Santa Clara,CA
Santa Monica,CA
Palo Alto,CA
San Jose,CA
Sioux City,IA
Redondo Beach,CA
San Clemente,CA
Glendale,CA
Santa Cruz,CA
Sioux City,IA
Albuquerque,NM
Yuma,AZ
Provo,UT
Inglewood,CA
Yakima,WA
Westland,MI
Mountain View,CA
Cedar Rapids,IA
Boulder,CO
Rochester,MN
Cedar Park,TX
Noblesville,IN
Rocklin,CA
Sioux City,IA
Guaynabo,PR
Germantown,MD
Franklin,TN
Castle Rock,CO
Plano,TX
Jackson,TN
Sioux City,IA
Rochester,MN
Carolina,PR
Fargo,ND
Brownsville,TX
Rockville,MD
Sterling Heights,MI
Alpharetta,GA
Duluth,MN
Sioux City,IA
Grand Prairie,TX
Citrus Heights,CA
Germantown,MD
Memphis,TN
Noblesville,IN
Apple Valley,CA
Clarksville,TN
Savannah,GA
Cedar Park,TX
Sioux City,IA
Rochester,MN
Melbourne,FL
Lincoln,NE
Canton,OH
Canton,OH
Longmont,CO
Longmont,CO
Houston,TX
Houston,TX
Sioux City,IA
Rochester,MN
Stockton,CA
Grand Prairie,TX
Las Cruces,NM
Rapid City,SD
Whittier,CA
Auburn,WA
Ames,IA
Yuba City,CA
Sioux City,IA
Rochester,MN
Rapid City,SD
Greenville,SC
Greenville,SC
Cedar Rapids,IA
Fresno,CA
Buckeye,AZ
Canton,OH
Canton,OH
Rochester,MN
Iowa City,IA
Sioux City,IA
Columbia,MO
Tulare,CA
Santa Fe,NM
Meridian,ID
Fargo,ND
Whittier,CA
Noblesville,IN
Sioux City,IA
Hemet,CA
Youngstown,OH
Lehigh Acres,FL
Marysville,WA
Albuquerque,NM
Hammond,IN
San Antonio,TX
San Antonio,TX
Spokane,WA
Anchorage,AK
Albuquerque,NM
Irvine,CA
Camarillo,CA
Youngstown,OH
Davis,CA
Little Rock,AR
Cambridge,MA
Tustin,CA
South San Francisco,CA
Anchorage,AK
Albuquerque,NM
Cambridge,MA
Virginia Beach,VA
Tulsa,OK
Tulsa,OK
Lincoln,NE
Davis,CA
Little Rock,AR
Alpharetta,GA
Anchorage,AK
Albuquerque,NM
Cambridge,MA
Virginia Beach,VA
Tulsa,OK
Tulsa,OK
Lincoln,NE
Davis,CA
Little Rock,AR
Alpharetta,GA
Anchorage,AK
Albuquerque,NM
Cambridge,MA
Virginia Beach,VA
Tulsa,OK
Tulsa,OK
Lincoln,NE
Davis,CA
Little Rock,AR
Alpharetta,GA
Anchorage,AK
Albuquerque,NM
Cambridge,MA
Virginia Beach,VA
Tulsa,OK
Tulsa,OK
Lincoln,NE
Davis,CA
Little Rock,AR
Alpharetta,GA
Anchorage,AK
Albuquerque,NM
Cambridge,MA
Virginia Beach,VA
Tulsa,OK
Tulsa,OK
Lincoln,NE
Davis,CA
Little Rock,AR
Alpharetta,GA
Anchorage,AK
Albuquerque,NM
Cambridge,MA
Virginia Beach,VA
Tulsa,OK
Tulsa,OK
Lincoln,NE
Davis,CA
Little Rock,AR
Alpharetta,GA
Anchorage,AK
Albuquerque,NM
Cambridge,MA
Virginia Beach,VA
Tulsa,OK
Tulsa,OK
Lincoln,NE
Davis,CA
Little Rock,AR
Alpharetta,GA
Anchorage,AK
Albuquerque,NM
Cambridge,MA
Virginia Beach,VA
Tulsa,OK
Tulsa,OK
Lincoln,NE
Davis,CA
Little Rock,AR
Alpharetta,GA
Anchorage,AK
Albuquerque,NM
Cambridge,MA
Virginia Beach,VA
Tulsa,OK
Tulsa,OK
Lincoln,NE
Davis,CA
Little Rock,AR
Alpharetta,GA
Anchorage,AK
Albuquerque,NM
Cambridge,MA
Virginia Beach,VA
Tulsa,OK
Tulsa,OK
Lincoln,NE
Davis,CA
Little Rock,AR
Alpharetta,GA
Albuquerque,NM
Columbia,SC
Columbia,SC
Jacksonville,NC
Rochester,MN
Bowling Green,KY
Fayetteville,AR
Birmingham,AL
Birmingham,AL
Rock Hill,SC
Anchorage,AK
Albuquerque,NM
Cambridge,MA
Virginia Beach,VA
Tulsa,OK
Tulsa,OK
Lincoln,NE
Davis,CA
Little Rock,AR
Alpharetta,GA
Anchorage,AK
Albuquerque,NM
Cambridge,MA
Virginia Beach,VA
Tulsa,OK
Tulsa,OK
Lincoln,NE
Davis,CA
Little Rock,AR
Alpharetta,GA
